user_id,nick,username,started_time
5009825888,wshhhh,vuahahahahaha,2020-02-19 12:00:00
6372252912,wshhhh,iCh1maruu,2024-05-25 16:59:12
6372252912,wshhhh,iCh1maruu,2024-05-25 17:42:07
6372252912,wshhhh,iCh1maruu,2024-05-25 17:42:53
6372252912,wshhhh,@iCh1maruu,2024-07-19 20:55:09
5009825888,wshhhh,@ich1maruuuuu,2024-07-19 21:00:43
835271969,Gin,@ich1maruuuu,2024-07-19 21:04:25
835271969,Gin,@ich1maruuuu,2024-07-19 21:05:45
835271969,Gin,@ich1maruuuu,2024-07-19 21:06:50
835271969,Gin,@ich1maruuuu,2024-07-19 21:12:11
835271969,Gin,@ich1maruuuu,2024-07-19 21:15:21
835271969,Gin,@ich1maruuuu,2024-07-19 21:18:07
835271969,Gin,@ich1maruuuu,2024-07-19 21:20:35
268617277,MA001,@malive07,2024-07-19 21:23:42
835271969,Gin,@ich1maruuuu,2024-07-20 22:52:31
5009825888,wshhhh,@ich1maruuuuu,2024-07-20 22:53:13
1380079995,Abrorjon,@Abrori_9801,2024-07-21 12:58:09
799068169,X.Davlatbek,@None,2024-07-21 13:50:32
799068169,X.Davlatbek,@None,2024-07-21 13:51:21
799068169,X.Davlatbek,@None,2024-07-21 13:51:26
799068169,X.Davlatbek,@None,2024-07-21 13:51:40
88184052,Shohida Xodjiasqarovna,@Shohida_RX,2024-07-21 18:58:29
88184052,Shohida Xodjiasqarovna,@Shohida_RX,2024-07-21 19:16:30
6086661966,E.,@Ino_13x,2024-07-21 19:39:52
88184052,Shohida Xodjiasqarovna,@Shohida_RX,2024-07-21 19:42:16
88184052,Shohida Xodjiasqarovna,@Shohida_RX,2024-07-21 20:08:55
88184052,Shohida Xodjiasqarovna,@Shohida_RX,2024-07-21 20:09:25
1985633674,Shoxida,@Abischoolshohida,2024-07-21 20:14:11
5663753041,Erkin,@None,2024-07-21 21:24:36
5663753041,Erkin,@None,2024-07-21 21:25:38
88184052,Shohida Xodjiasqarovna,@Shohida_RX,2024-07-22 07:41:44
6546244394,mlfra_o3,@mlfra_o,2024-07-22 08:11:17
6546244394,mlfra_o3,@mlfra_o,2024-07-22 08:34:12
6546244394,mlfra_o3,@mlfra_o,2024-07-22 08:42:48
6450599947,stumjey,@stumjey,2024-07-22 10:48:10
6146129003,Diyora,@SAYYOROVA,2024-07-22 17:27:23
268617277,MA001,@malive07,2024-07-22 19:58:07
835271969,Gin,@ich1maruuuu,2024-07-22 20:23:49
1092727188,Doctor,@Yodgor_Yolbarsov,2024-07-22 20:28:28
268617277,MA001,@malive07,2024-07-22 21:14:01
268617277,MA001,@malive07,2024-07-22 21:14:15
6195171858,..,@None,2024-07-23 08:04:21
268617277,MA001,@malive07,2024-07-23 08:08:01
1653428979,azimjonov_,@azimjonovelbek,2024-07-23 08:45:13
1653428979,azimjonov_,@azimjonovelbek,2024-07-23 08:55:08
6149834984,Sayfilloyevich,@Sayfilloyevich0925,2024-07-23 09:42:57
6149834984,Sayfilloyevich,@Sayfilloyevich0925,2024-07-23 09:44:45
1454402747,Abduvohid,@Abduvohid9070,2024-07-23 12:39:31
7147603493,Admin 24/7,@office_cvb,2024-07-23 14:57:39
7147603493,Admin 24/7,@office_cvb,2024-07-23 14:57:55
7147603493,Admin 24/7,@office_cvb,2024-07-23 14:58:02
7147603493,Admin 24/7,@office_cvb,2024-07-23 15:00:21
7147603493,Admin 24/7,@office_cvb,2024-07-23 15:00:39
835271969,Gin,@ich1maruuuu,2024-07-23 15:01:40
835271969,Gin,@ich1maruuuu,2024-07-23 15:01:42
835271969,Gin,@ich1maruuuu,2024-07-23 15:02:18
5009825888,wshhhh,@ich1maruuuuu,2024-07-23 15:02:32
6372252912,wshhhh,@iCh1maruu,2024-07-23 15:03:03
6964028668,Bekzod,@None,2024-07-23 15:11:47
796544780,Doniyorovna,@maryamim07,2024-07-23 15:45:03
1606837911,Beknazar,@Bek_Uzmu4,2024-07-23 16:16:24
6149834984,Sayfilloyevich,@Sayfilloyevich0925,2024-07-23 17:12:35
470914658,Shaxzod,@raxmatullayev_12,2024-07-23 17:49:45
470914658,Shaxzod,@raxmatullayev_12,2024-07-23 18:11:01
1380933181,Nafisa,@xasanboy2561,2024-07-23 18:28:12
1380933181,Nafisa,@xasanboy2561,2024-07-23 18:35:23
1854155569,.,@luna_8628,2024-07-23 20:27:58
6634766077,Nilufar,@nilufarnarzulloeva,2024-07-23 22:52:37
7171256599,Nilufar,@None,2024-07-23 23:46:07
2027403559,Shakhzod,@None,2024-07-24 06:46:34
1169161141,_1.face_,@face_20033,2024-07-24 09:14:55
6503741807,M. Ubaydullayevna,@None,2024-07-24 09:23:06
1400893821,Javohir_Hasanov,@javohir_hasanof,2024-07-24 11:13:38
815904824,Muhammad,@None,2024-07-24 13:40:04
366697627,Mamatxonovna,@Mamuraxon_official,2024-07-24 14:21:40
1075973672,Xonzafarov Og'abek,@Ousuz8,2024-07-24 16:34:29
5949464121,Zarina,@None,2024-07-24 17:06:08
5949464121,Zarina,@None,2024-07-24 17:09:50
5949464121,Zarina,@None,2024-07-24 17:10:51
5949464121,Zarina,@None,2024-07-24 17:11:33
5949464121,Zarina,@None,2024-07-24 17:11:40
5949464121,Zarina,@None,2024-07-24 17:11:48
5949464121,Zarina,@None,2024-07-24 17:14:54
403171364,M 001,@headsenator,2024-07-25 07:29:13
1354041087,Gulrux,@gulrukh_02,2024-07-25 08:15:23
470914658,Shaxzod,@raxmatullayev_12,2024-07-25 22:15:17
1972892975,Abduraxmonov,@None,2024-07-26 06:09:36
5048469535,Doni,@Doston_bek2511,2024-07-26 07:53:51
6765812782,Akromjon Abduxalilov,@akromjonabduxalilov,2024-07-26 08:20:46
5894216487,Gulnoza Baynazarova,@gulnoza1981gg,2024-07-26 08:22:57
909110549,Sevinch Zayniddinovna,@ssevishaa,2024-07-26 08:33:54
5894216487,Gulnoza Baynazarova,@gulnoza1981gg,2024-07-26 08:48:23
1024938523,[ Kurbanov ],@Kurbanov_1995,2024-07-26 12:22:37
5633170762,lochinbek,@m_lochinbek059,2024-07-26 13:09:49
219314909,Petrosyants Artur,@Petrosyans,2024-07-26 13:13:43
403171364,M 001,@headsenator,2024-07-26 14:13:16
6218937527,Khursanova CHAROS,@charos0522,2024-07-26 15:19:26
6218937527,Khursanova CHAROS,@charos0522,2024-07-26 15:19:54
5948257081,Laziza,@None,2024-07-26 16:49:57
6206178027,Abdulvositkhan,@Abdulvositkhan,2024-07-27 09:55:04
56058529,jamshid,@karnod,2024-07-27 10:28:56
1478549570,Asilbek,@None,2024-07-27 10:49:34
227726383,Asrayev,@None,2024-07-27 13:33:24
835271969,Gin,@ich1maruuuu,2024-07-28 17:45:06
268617277,MA001,@malive07,2024-07-28 17:47:23
268617277,MA001,@malive07,2024-07-28 17:47:59
494473113,Azimjon,@azimjon_norqobilov,2024-07-28 18:06:30
967516650,Jamalxanova,@Rohila93,2024-07-28 18:41:45
1397345907,B O X O D I R,@BNJ_1996,2024-07-29 04:33:15
1397345907,B O X O D I R,@BNJ_1996,2024-07-29 04:34:59
1397345907,B O X O D I R,@BNJ_1996,2024-07-29 06:18:57
5405450585,Ali&Nilu&Anisa,@The_aralbaevich,2024-07-29 07:39:17
5405450585,Ali&Nilu&Anisa,@The_aralbaevich,2024-07-29 07:40:32
6010916461,Izzatillo,@usri_yusroo,2024-07-29 08:06:01
1729124177,Munisaxon,@AishaMuhammadSolih,2024-07-29 08:19:20
6564550643,Khidiroff,@Intelligent_a_1,2024-07-29 10:18:50
6564550643,Khidiroff,@Intelligent_a_1,2024-07-29 10:19:25
6564550643,Khidiroff,@Intelligent_a_1,2024-07-29 10:40:23
370196965,Sanjar Halikov,@None,2024-07-29 11:53:08
6574204090,m,@munisakhan1,2024-07-29 12:11:44
370196965,Sanjar Halikov,@None,2024-07-29 12:32:04
6050067149,Teo Team,@Teo_team1,2024-07-29 14:52:27
6193470112,Abdulhakim,@Abdulhakim_umar,2024-07-29 14:53:51
7453281031,Nigora,@None,2024-07-29 14:57:33
7453281031,Nigora,@None,2024-07-29 15:04:02
5269531139,Izzat,@Izzat_077,2024-07-29 17:26:08
6351947115,J,@ravshanoff_00,2024-07-29 17:47:28
6422424874,Tolibjonov,@Avazbek_Tolibjonov,2024-07-29 20:48:30
6486750997,Avazbek,@None,2024-07-29 21:11:28
6371304754,Mirluxe Sales Manager,@SalesMirluxeplaza,2024-07-30 08:33:59
6910498220,.,@None,2024-07-30 09:32:49
6788806120,Muattar,@None,2024-07-30 11:18:29
6788806120,Muattar,@None,2024-07-30 12:20:53
5557844405,Barbican,@None,2024-07-30 12:28:18
6056240247,dude,@None,2024-07-30 12:42:36
6056240247,dude,@None,2024-07-30 12:52:15
5102405515,Amareno,@Online_cons,2024-07-30 13:24:17
6668774587,Gulshoda,@Gulshoda_555,2024-07-30 15:16:39
6056240247,dude,@None,2024-07-30 15:23:53
6056240247,dude,@None,2024-07-30 17:03:48
5894216487,Gulnoza Baynazarova,@gulnoza1981gg,2024-07-30 17:06:32
7096830553,.,@world_2883,2024-07-30 17:06:56
324768513,Akbar,@None,2024-07-30 20:37:52
6129049194,Umidovna,@Japanesee03,2024-07-31 06:04:24
7160966073,Bek,@None,2024-07-31 08:31:34
5687717984,M.S,@Ma_a200023,2024-07-31 09:26:21
7171256599,Nilufar,@None,2024-07-31 09:30:34
238919419,Makhsudoff,@Designer005,2024-07-31 10:00:47
