User ID,Nick,Username,Status,CV spent time,Age,Rate,CV Form
5009825888,wshhhh,@vuahahahahaha,Student,3:54,20,3,1
1092727188,Doctor,@Yodgor_Yolbarsov,🕵️‍♂️Ish qidiruvchi,-15:30,36,5,3
1092727188,Doctor,@Yodgor_Yolbarsov,🕵️‍♂️Ish qidiruvchi,-10:23,36,5,1
268617277,MA001,@malive07,None,-4:47,21,5,3
1653428979,azimjonov_,@azimjonovelbek,👨‍🎓Talaba,-7:16,21,4,1
796544780,Doniyorovna,@maryamim07,🕵️‍♂️Ish qidiruvchi,-4:15,17,5,2
1606837911,Beknazar,@Bek_Uzmu4,🕵️‍♂️Ish qidiruvchi,-8:55,24,4,1
1606837911,Beknazar,@Bek_Uzmu4,🕵️‍♂️Ish qidiruvchi,-8:52,24,4,3
470914658,Shaxzod,@raxmatullayev_12,🕵️‍♂️Ish qidiruvchi,-9:38,26,5,3
470914658,Shaxzod,@raxmatullayev_12,🕵️‍♂️Ish qidiruvchi,-2:3,,5,2
470914658,Shaxzod,@raxmatullayev_12,🕵️‍♂️Ish qidiruvchi,-1:26,,5,1
470914658,Shaxzod,@raxmatullayev_12,🕵️‍♂️Ish qidiruvchi,-1:12,,5,3
1380933181,Nafisa,@xasanboy2561,🕵️‍♂️Ish qidiruvchi,-5:9,22,5,1
1854155569,.,@luna_8628,🕵️‍♂️Ish qidiruvchi,-5:15,38,5,1
1854155569,.,@luna_8628,🕵️‍♂️Ish qidiruvchi,-124:52,38,5,3
1854155569,.,@luna_8628,🕵️‍♂️Ish qidiruvchi,-3:39,38,5,1
6634766077,Nilufar,@nilufarnarzulloeva,🕵️‍♂️Ish qidiruvchi,-49:56,30,5,3
2027403559,Shakhzod,@None,🕵️‍♂️Ish qidiruvchi,-32:45,25,2,3
1169161141,_1.face_,@face_20033,🕵️‍♂️Ish qidiruvchi,-3:25,21,5,2
1400893821,Javohir_Hasanov,@javohir_hasanof,👨‍💼Xodim,-8:0,24,5,2
1075973672,Xonzafarov Og'abek,@Ousuz8,🕵️‍♂️Ish qidiruvchi,-10:24,23,3,1
5048469535,Doni,@Doston_bek2511,🕵️‍♂️Ish qidiruvchi,-15:42,28,5,2
6765812782,Akromjon Abduxalilov,@akromjonabduxalilov,👨‍🎓Talaba,-14:17,20,3,2
6765812782,Akromjon Abduxalilov,@akromjonabduxalilov,👨‍🎓Talaba,-13:19,20,5,2
909110549,Sevinch Zayniddinovna,@ssevishaa,🕵️‍♂️Ish qidiruvchi,-25:17,28,5,3
1024938523,[ Kurbanov ],@Kurbanov_1995,🕵️‍♂️Ish qidiruvchi,-2:37,,3,1
470914658,Shaxzod,@raxmatullayev_12,👨‍💼Xodim,-855:1,26,5,1
470914658,Shaxzod,@raxmatullayev_12,👨‍💼Xodim,-8:31,26,5,2
5633170762,lochinbek,@m_lochinbek059,🕵️‍♂️Ish qidiruvchi,-5:6,23,5,1
6206178027,Abdulvositkhan,@Abdulvositkhan,🕵️‍♂️Ish qidiruvchi,-10:17,24,5,1
1478549570,Asilbek,@None,🕵️‍♂️Ish qidiruvchi,-13:38,29,5,1
967516650,Jamalxanova,@Rohila93,🕵️‍♂️Ish qidiruvchi,-3:2,40,5,2
967516650,Jamalxanova,@Rohila93,🕵️‍♂️Ish qidiruvchi,-4:26,40,5,1
370196965,Sanjar Halikov,@None,🕵️‍♂️Ish qidiruvchi,-2:0,,1,2
370196965,Sanjar Halikov,@None,🕵️‍♂️Ish qidiruvchi,-6:37,26,5,2
370196965,Sanjar Halikov,@None,🕵️‍♂️Ish qidiruvchi,-24:51,26,5,2
268617277,MA001,@malive07,None,-9:14,21,5,1
6193470112,Abdulhakim,@Abdulhakim_umar,🕵️‍♂️Ish qidiruvchi,-4:2,25,5,1
6050067149,Teo Team,@Teo_team1,👨‍💼Xodim,-7:29,20,5,1
6050067149,Teo Team,@Teo_team1,👨‍💼Xodim,-6:12,20,5,1
6351947115,J,@ravshanoff_00,👨‍💼Xodim,-4:29,21,5,1
6910498220,.,@None,👨‍🎓Talaba,-5:51,18,5,1
6788806120,Muattar,@None,🕵️‍♂️Ish qidiruvchi,-26:45,24,5,3
6056240247,dude,@None,👨‍🎓Talaba,-3:12,19,3,3
7096830553,.,@world_2883,👨‍🎓Talaba,-2:52,19,1,1
7096830553,.,@world_2883,👨‍🎓Talaba,-3:27,19,1,1
7096830553,.,@world_2883,👨‍🎓Talaba,-2:36,19,3,1
5894216487,Gulnoza Baynazarova,@gulnoza1981gg,👨‍💼Xodim,-48:31,40,5,3
7171256599,Nilufar,@None,👨‍💼Xodim,-29:22,30,5,3
